"","unit","width"
"1","metres",8
"2","metres",9
"3","metres",10
"4","metres",10
"5","metres",10
"6","metres",10
"7","metres",10
"8","metres",10
"9","metres",11
"10","metres",11
"11","metres",11
"12","metres",11
"13","metres",12
"14","metres",12
"15","metres",13
"16","metres",13
"17","metres",13
"18","metres",14
"19","metres",14
"20","metres",14
"21","metres",15
"22","metres",15
"23","metres",15
"24","metres",15
"25","metres",15
"26","metres",15
"27","metres",15
"28","metres",15
"29","metres",16
"30","metres",16
"31","metres",16
"32","metres",17
"33","metres",17
"34","metres",17
"35","metres",17
"36","metres",18
"37","metres",18
"38","metres",20
"39","metres",22
"40","metres",25
"41","metres",27
"42","metres",35
"43","metres",38
"44","metres",40
"45","feet",24
"46","feet",25
"47","feet",27
"48","feet",30
"49","feet",30
"50","feet",30
"51","feet",30
"52","feet",30
"53","feet",30
"54","feet",32
"55","feet",32
"56","feet",33
"57","feet",34
"58","feet",34
"59","feet",34
"60","feet",35
"61","feet",35
"62","feet",36
"63","feet",36
"64","feet",36
"65","feet",37
"66","feet",37
"67","feet",40
"68","feet",40
"69","feet",40
"70","feet",40
"71","feet",40
"72","feet",40
"73","feet",40
"74","feet",40
"75","feet",40
"76","feet",41
"77","feet",41
"78","feet",42
"79","feet",42
"80","feet",42
"81","feet",42
"82","feet",43
"83","feet",43
"84","feet",44
"85","feet",44
"86","feet",44
"87","feet",45
"88","feet",45
"89","feet",45
"90","feet",45
"91","feet",45
"92","feet",45
"93","feet",46
"94","feet",46
"95","feet",47
"96","feet",48
"97","feet",48
"98","feet",50
"99","feet",50
"100","feet",50
"101","feet",51
"102","feet",54
"103","feet",54
"104","feet",54
"105","feet",55
"106","feet",55
"107","feet",60
"108","feet",60
"109","feet",63
"110","feet",70
"111","feet",75
"112","feet",80
"113","feet",94
