"","school","birthyear","gender","kids","parity","income","size","state","marital","meducation","memployment","year"
"1","Gymnasium",1981,"female",2,2,35160.1134914512,4,"Berlin","married",14.5,"none",1995
"2","Gymnasium",1981,"female",2,2,65748.3452691929,3,"Berlin","married",10.5,"parttime",1995
"3","Gymnasium",1980,"female",3,3,120962.356460804,3,"Berlin","married",12,"parttime",1994
"4","Gymnasium",1984,"female",1,1,60100.5723002292,3,"Berlin","married",10.5,"parttime",1998
"5","Realschule",1982,"male",4,4,34828.951843463,4,"Berlin","divorced",10,"fulltime",1996
"6","Realschule",1980,"female",3,1,42584.0885506275,5,"Berlin","married",15,"parttime",1994
"7","Gymnasium",1986,"female",3,3,38820.6874320168,3,"Berlin","separated",15,"parttime",2000
"8","Gymnasium",1986,"male",1,1,77827.1897607021,3,"Berlin","married",13,"parttime",2000
"9","Gymnasium",1981,"female",4,4,50208.006584748,5,"Berlin","divorced",15,"none",1995
"10","Hauptschule",1983,"female",2,2,94931.4942330559,4,"Berlin","married",9,"parttime",1997
"11","Gymnasium",1982,"female",2,1,19896.0086788093,4,"Berlin","married",9,"none",1996
"12","Hauptschule",1983,"male",2,1,28011.9901338821,4,"Berlin","widowed",9,"none",1997
"13","Gymnasium",1988,"male",5,3,87960.2018967141,7,"Bayern","married",12,"none",2002
"14","Realschule",1987,"male",5,2,66864.0285954534,7,"Bayern","married",12,"none",2001
"15","Gymnasium",1985,"female",5,1,67516.9768170006,7,"Bayern","married",12,"none",1999
"16","Gymnasium",1980,"female",2,2,62908.9199936677,4,"Berlin","married",10,"fulltime",1994
"17","Gymnasium",1981,"male",1,1,40466.9971177105,3,"Schleswig-Holstein","married",10.5,"fulltime",1995
"18","Gymnasium",1981,"female",2,2,87104.7316404867,4,"Schleswig-Holstein","married",12,"parttime",1995
"19","Gymnasium",1988,"female",4,1,65580.7047376929,6,"Schleswig-Holstein","married",15,"parttime",2002
"20","Gymnasium",1988,"female",4,3,81431.9331126377,4,"Schleswig-Holstein","married",10,"parttime",2002
"21","Hauptschule",1988,"male",3,2,83188.3958329952,5,"Schleswig-Holstein","married",11.5,"parttime",2002
"22","Hauptschule",1988,"male",3,3,83188.3958329952,5,"Schleswig-Holstein","married",11.5,"parttime",2002
"23","Realschule",1988,"male",3,1,83188.3958329952,5,"Schleswig-Holstein","married",11.5,"parttime",2002
"24","Hauptschule",1981,"female",3,1,57593.9644624719,5,"Schleswig-Holstein","married",11.5,"fulltime",1995
"25","Hauptschule",1986,"male",3,3,59304.6072561679,5,"Schleswig-Holstein","married",12,"parttime",2000
"26","Realschule",1988,"female",2,2,75303.4647598222,4,"Schleswig-Holstein","married",11,"none",2002
"27","Gymnasium",1987,"male",2,1,71299.967168687,4,"Schleswig-Holstein","married",11,"none",2001
"28","Gymnasium",1984,"female",4,4,68075.0135551387,5,"Schleswig-Holstein","married",10.5,"parttime",1998
"29","Realschule",1982,"male",4,3,64834.1621050001,5,"Schleswig-Holstein","married",10.5,"none",1996
"30","Gymnasium",1980,"female",2,2,95461.9593929316,4,"Schleswig-Holstein","married",11.5,"parttime",1994
"31","Hauptschule",1983,"female",4,2,258341.359053022,6,"Schleswig-Holstein","married",7,"none",1997
"32","Realschule",1981,"female",4,1,39914.9898347416,6,"Schleswig-Holstein","married",7,"none",1995
"33","Realschule",1987,"female",4,3,52260.3215027026,5,"Schleswig-Holstein","married",7,"none",2001
"34","Realschule",1987,"female",2,1,29871.3775626069,4,"Schleswig-Holstein","married",10.5,"parttime",2001
"35","Realschule",1983,"female",2,2,57011.0944469668,4,"Schleswig-Holstein","married",9,"none",1997
"36","Realschule",1985,"female",2,1,43535.6096806736,4,"Schleswig-Holstein","married",10.5,"none",1999
"37","Hauptschule",1984,"female",3,1,49554.0675330162,5,"Schleswig-Holstein","married",10.5,"none",1998
"38","Hauptschule",1980,"male",3,3,52065.9615724692,4,"Schleswig-Holstein","married",11.5,"parttime",1994
"39","Hauptschule",1985,"female",3,3,64829.2158396696,4,"Schleswig-Holstein","married",12,"fulltime",1999
"40","Realschule",1986,"female",3,1,53484.2331191826,5,"Mecklenburg-Vorpommern","married",11.5,"fulltime",2000
"41","Hauptschule",1988,"female",3,2,53049.748592727,5,"Mecklenburg-Vorpommern","married",11.5,"fulltime",2002
"42","Hauptschule",1985,"male",1,1,50839.0025404949,3,"Schleswig-Holstein","married",10.5,"parttime",1999
"43","Gymnasium",1981,"male",2,2,51484.0165378686,3,"Schleswig-Holstein","separated",10.5,"parttime",1995
"44","Gymnasium",1982,"female",3,2,59052.5595705411,5,"Schleswig-Holstein","married",12,"none",1996
"45","Gymnasium",1980,"female",3,1,62880.009231444,5,"Schleswig-Holstein","married",12,"none",1994
"46","Gymnasium",1983,"female",6,1,104141.010416326,8,"Nordrhein-Westfalen","married",9,"none",1997
"47","Gymnasium",1984,"female",6,2,101191.956493948,8,"Nordrhein-Westfalen","married",9,"none",1998
"48","Realschule",1980,"male",3,1,36848.0799622289,3,"Hamburg","single",15,"parttime",1994
"49","Hauptschule",1986,"female",2,2,3148.14080531526,2,"Hamburg","separated",9,"none",2000
"50","Hauptschule",1982,"female",2,1,65342.9743195272,4,"Hamburg","married",9,"none",1996
"51","Hauptschule",1985,"male",1,1,116897.759935293,3,"Niedersachsen","married",11.5,"fulltime",1999
"52","Hauptschule",1981,"female",2,2,64646.6540160919,4,"Hamburg","married",10.5,"fulltime",1995
"53","Realschule",1983,"female",2,1,81676.4611236221,4,"Schleswig-Holstein","married",10.5,"none",1997
"54","Realschule",1985,"female",2,2,86120.5601811968,4,"Schleswig-Holstein","married",10.5,"none",1999
"55","Gymnasium",1987,"female",2,1,79437.0062331096,4,"Niedersachsen","married",12,"none",2001
"56","Hauptschule",1988,"male",1,1,67575.0164242496,3,"Niedersachsen","married",9,"fulltime",2002
"57","Hauptschule",1980,"male",2,2,68578.1870236745,4,"Niedersachsen","married",11.5,"parttime",1994
"58","Realschule",1983,"female",2,2,73933.85017926,4,"Niedersachsen","married",10.5,"parttime",1997
"59","Hauptschule",1980,"female",2,1,60686.9523661167,4,"Niedersachsen","married",10.5,"parttime",1994
"60","Realschule",1986,"female",1,1,76634.9873785458,3,"Niedersachsen","married",9,"none",2000
"61","Realschule",1982,"male",2,1,59684.8680808011,4,"Niedersachsen","married",11.5,"none",1996
"62","Realschule",1985,"male",2,2,65546.1902893442,4,"Niedersachsen","married",11.5,"none",1999
"63","Realschule",1983,"male",1,1,61663.9761805846,3,"Niedersachsen","married",9,"none",1997
"64","Realschule",1981,"female",2,1,103631.376867227,4,"Niedersachsen","married",11.5,"none",1995
"65","Gymnasium",1982,"female",2,2,101866.636760851,4,"Niedersachsen","married",11.5,"parttime",1996
"66","Gymnasium",1980,"female",2,1,86824.9882364454,4,"Niedersachsen","married",11.5,"parttime",1994
"67","Gymnasium",1984,"male",2,2,80931.794656321,4,"Niedersachsen","married",11.5,"parttime",1998
"68","Realschule",1983,"female",2,1,113734.012213246,4,"Niedersachsen","married",11.5,"parttime",1997
"69","Realschule",1985,"female",2,2,103880.531307962,4,"Niedersachsen","married",11.5,"parttime",1999
"70","Gymnasium",1986,"female",1,1,80802.4629282645,3,"Niedersachsen","married",18,"fulltime",2000
"71","Realschule",1984,"male",2,2,69070.388958412,3,"Niedersachsen","married",15,"parttime",1998
"72","Gymnasium",1984,"female",3,2,156089.109032619,6,"Niedersachsen","married",18,"parttime",1998
"73","Gymnasium",1988,"male",3,3,232596.26905453,6,"Niedersachsen","married",18,"none",2002
"74","Gymnasium",1987,"male",1,1,116566.347533575,3,"Niedersachsen","married",14.5,"parttime",2001
"75","Hauptschule",1980,"male",2,1,60742.5963004146,4,"Niedersachsen","married",11.5,"fulltime",1994
"76","Gymnasium",1986,"female",1,1,76460.5135736578,4,"Niedersachsen","married",12,"none",2000
"77","Hauptschule",1983,"female",3,2,34499.000999264,5,"Niedersachsen","married",10.5,"parttime",1997
"78","Hauptschule",1982,"male",3,1,48458.8502458158,4,"Niedersachsen","married",10.5,"parttime",1996
"79","Gymnasium",1980,"male",2,2,66482.3318869144,4,"Niedersachsen","married",10.5,"parttime",1994
"80","Hauptschule",1981,"male",1,1,63589.0091858642,3,"Niedersachsen","married",12,"fulltime",1995
"81","Hauptschule",1988,"female",3,1,67837.2979054935,5,"Niedersachsen","married",10.5,"none",2002
"82","Realschule",1984,"male",5,4,29395.0861563566,6,"Niedersachsen","divorced",10.5,"none",1998
"83","Hauptschule",1982,"male",5,3,30096.61907498,6,"Niedersachsen","divorced",10.5,"none",1996
"84","Hauptschule",1981,"male",5,2,49068.0038257082,6,"Niedersachsen","divorced",10.5,"none",1995
"85","Realschule",1980,"female",2,1,58493.0156680855,4,"Niedersachsen","married",10.5,"parttime",1994
"86","Realschule",1983,"female",2,2,64251.9970469229,4,"Niedersachsen","married",10.5,"parttime",1997
"87","Gymnasium",1981,"male",2,2,47501.0003646726,3,"Niedersachsen","separated",12,"parttime",1995
"88","Gymnasium",1987,"female",2,1,66555.0308627327,4,"Niedersachsen","married",11.5,"none",2001
"89","Gymnasium",1981,"female",2,1,80016.6826555095,4,"Niedersachsen","married",11,"parttime",1995
"90","Gymnasium",1980,"male",2,1,110693.674958596,4,"Niedersachsen","married",11.5,"parttime",1994
"91","Gymnasium",1982,"male",2,2,118714.514552285,4,"Niedersachsen","married",11.5,"parttime",1996
"92","Realschule",1987,"male",4,2,65110.0795580498,6,"Niedersachsen","divorced",9,"parttime",2001
"93","Gymnasium",1980,"female",2,2,15796.9929693607,3,"Hamburg","married",15,"parttime",1994
"94","Hauptschule",1983,"female",3,3,105192.383947119,4,"Niedersachsen","married",10.5,"parttime",1997
"95","Hauptschule",1987,"male",2,2,68122.4226720889,3,"Niedersachsen","married",9,"parttime",2001
"96","Gymnasium",1988,"female",3,1,17425.5484648234,5,"Niedersachsen","married",11.5,"none",2002
"97","Realschule",1984,"male",3,3,108924.122144434,6,"Niedersachsen","married",10.5,"none",1998
"98","Hauptschule",1980,"female",2,1,62076.7087250096,4,"Niedersachsen","married",10.5,"none",1994
"99","Hauptschule",1982,"female",2,2,61368.2982947832,3,"Niedersachsen","married",10.5,"none",1996
"100","Hauptschule",1981,"male",4,4,47402.754754072,3,"Niedersachsen","married",10.5,"parttime",1995
"101","Realschule",1984,"female",4,2,74305.9417710999,6,"Niedersachsen","married",10.5,"none",1998
"102","Realschule",1985,"female",4,3,38381.2949076227,5,"Niedersachsen","separated",10.5,"none",1999
"103","Gymnasium",1983,"male",4,1,78895.2297234252,6,"Niedersachsen","married",10.5,"none",1997
"104","Realschule",1985,"male",4,4,38381.2949076227,5,"Niedersachsen","separated",10.5,"none",1999
"105","Realschule",1981,"female",2,2,74096.2691015798,4,"Bayern","separated",11.5,"parttime",1995
"106","Hauptschule",1986,"male",4,3,53213.0073026862,5,"Niedersachsen","married",9,"parttime",2000
"107","Hauptschule",1980,"male",4,1,46703.0160871553,6,"Niedersachsen","married",9,"none",1994
"108","Hauptschule",1987,"female",4,4,62625.0080951711,5,"Niedersachsen","married",9,"none",2001
"109","Gymnasium",1987,"male",3,1,130948.749728001,5,"Niedersachsen","married",12,"none",2001
"110","Gymnasium",1981,"male",3,1,92328.7808854269,5,"Niedersachsen","married",12,"none",1995
"111","Gymnasium",1986,"male",3,3,106070.410870088,5,"Niedersachsen","married",12,"none",2000
"112","Realschule",1983,"male",3,2,102432.044761888,5,"Niedersachsen","married",12,"none",1997
"113","Realschule",1982,"male",1,1,46152.7910157001,3,"Nordrhein-Westfalen","married",10.5,"fulltime",1996
"114","Realschule",1981,"male",5,3,42103.9870868441,7,"Niedersachsen","married",9,"none",1995
"115","Hauptschule",1986,"female",5,5,90984.9513328758,6,"Niedersachsen","married",9,"none",2000
"116","Hauptschule",1983,"female",5,4,110535.861252182,7,"Niedersachsen","married",9,"none",1997
"117","Realschule",1986,"female",3,3,158189.059073346,5,"Niedersachsen","married",11.5,"fulltime",2000
"118","Realschule",1981,"female",3,2,54378.5810212474,5,"Niedersachsen","married",12,"none",1995
"119","Realschule",1984,"male",3,3,84988.8235918753,5,"Niedersachsen","married",12,"parttime",1998
"120","Gymnasium",1980,"male",2,1,28075.3746658506,3,"Niedersachsen","separated",10.5,"none",1994
"121","Hauptschule",1986,"male",2,2,62380.9753088317,5,"Niedersachsen","divorced",10.5,"parttime",2000
"122","Realschule",1981,"female",2,2,1247.58968355601,3,"Niedersachsen","widowed",10.5,"none",1995
"123","Hauptschule",1985,"female",3,1,65960.9991219355,5,"Bremen","divorced",11.5,"none",1999
"124","Realschule",1988,"female",3,2,62114.1350111658,5,"Bremen","divorced",12,"none",2002
"125","Gymnasium",1982,"female",1,1,114788.050373428,3,"Bremen","married",12,"fulltime",1996
"126","Hauptschule",1988,"male",1,1,30089.5591194937,2,"Bremen","single",11,"none",2002
"127","Realschule",1981,"female",3,2,37871.9300453821,4,"Bremen","divorced",9,"none",1995
"128","Gymnasium",1988,"female",3,3,31787.8193219758,2,"Bremen","divorced",11.5,"parttime",2002
"129","Gymnasium",1980,"female",3,3,106147.014084215,5,"Schleswig-Holstein","married",13,"none",1994
"130","Gymnasium",1984,"female",1,1,103349.106523678,3,"Nordrhein-Westfalen","married",11.5,"fulltime",1998
"131","Gymnasium",1987,"female",2,2,79683.0665972915,4,"Nordrhein-Westfalen","married",11,"parttime",2001
"132","Realschule",1987,"female",1,1,57466.0196247595,3,"Nordrhein-Westfalen","married",10.5,"parttime",2001
"133","Gymnasium",1988,"male",2,2,72696.3876747674,3,"Nordrhein-Westfalen","married",9,"fulltime",2002
"134","Realschule",1987,"female",1,1,60680.0076929642,3,"Nordrhein-Westfalen","married",10.5,"none",2001
"135","Gymnasium",1987,"male",1,1,48523.3616239152,3,"Nordrhein-Westfalen","married",10.5,"none",2001
"136","Hauptschule",1986,"female",3,3,47983.3004537895,3,"Nordrhein-Westfalen","married",10.5,"none",2000
"137","Gymnasium",1987,"male",2,1,59958.309754514,4,"Baden Wuerttemberg","married",12,"none",2001
"138","Gymnasium",1982,"male",3,1,73198.4585541037,5,"Nordrhein-Westfalen","married",10.5,"none",1996
"139","Gymnasium",1984,"female",3,2,73933.85017926,5,"Nordrhein-Westfalen","married",10.5,"none",1998
"140","Realschule",1984,"female",2,2,27966.2658701145,2,"Nordrhein-Westfalen","divorced",10.5,"parttime",1998
"141","Gymnasium",1982,"female",1,1,24886.9993109865,2,"Nordrhein-Westfalen","widowed",11.5,"none",1996
"142","Gymnasium",1988,"female",1,1,67982.9524054299,3,"Nordrhein-Westfalen","married",10.5,"none",2002
"143","Gymnasium",1986,"female",2,1,92105.8397083027,4,"Niedersachsen","single",18,"parttime",2000
"144","Gymnasium",1985,"male",1,1,53818.4477325096,3,"Nordrhein-Westfalen","married",13.5,"parttime",1999
"145","Gymnasium",1984,"female",3,2,142983.067206691,4,"Nordrhein-Westfalen","married",11.5,"none",1998
"146","Gymnasium",1988,"male",3,3,95305.1360446722,4,"Nordrhein-Westfalen","married",11.5,"none",2002
"147","Realschule",1984,"female",2,1,71933.1619440553,4,"Nordrhein-Westfalen","married",10.5,"parttime",1998
"148","Gymnasium",1980,"male",2,2,78355.8031614762,4,"Nordrhein-Westfalen","married",10.5,"parttime",1994
"149","Hauptschule",1987,"female",1,1,15239.9962204371,3,"Nordrhein-Westfalen","married",10.5,"none",2001
"150","Gymnasium",1982,"male",4,3,86195.0029924584,5,"Nordrhein-Westfalen","married",15,"parttime",1996
"151","Realschule",1985,"female",4,4,87379.542947642,4,"Nordrhein-Westfalen","married",15,"parttime",1999
"152","Gymnasium",1986,"male",2,1,78127.6241922399,4,"Nordrhein-Westfalen","married",10.5,"parttime",2000
"153","Gymnasium",1985,"female",3,2,69458.5976926109,5,"Nordrhein-Westfalen","married",13,"parttime",1999
"154","Gymnasium",1988,"female",3,3,84703.6769696306,5,"Nordrhein-Westfalen","married",13,"parttime",2002
"155","Gymnasium",1983,"female",3,1,53685.4745230743,5,"Nordrhein-Westfalen","married",13,"none",1997
"156","Realschule",1983,"male",2,1,47130.9850648831,4,"Nordrhein-Westfalen","married",10.5,"none",1997
"157","Realschule",1988,"female",2,2,73679.75101336,4,"Nordrhein-Westfalen","married",11.5,"none",2002
"158","Gymnasium",1988,"male",1,1,116873.347840978,3,"Nordrhein-Westfalen","married",11.5,"parttime",2002
"159","Gymnasium",1982,"male",3,2,172274.222650383,5,"Nordrhein-Westfalen","married",12,"parttime",1996
"160","Gymnasium",1984,"male",3,3,212041.812918341,5,"Nordrhein-Westfalen","married",12,"parttime",1998
"161","Hauptschule",1985,"male",2,2,62124.7985243406,4,"Nordrhein-Westfalen","married",10.5,"none",1999
"162","Hauptschule",1982,"male",2,1,68355.5309802059,4,"Nordrhein-Westfalen","married",10.5,"none",1996
"163","Hauptschule",1981,"female",3,2,64974.8556655314,5,"Nordrhein-Westfalen","married",10.5,"fulltime",1995
"164","Hauptschule",1982,"male",3,3,27558.1703914755,4,"Nordrhein-Westfalen","married",10.5,"parttime",1996
"165","Realschule",1981,"male",2,1,34551.385921537,4,"Nordrhein-Westfalen","married",10.5,"parttime",1995
"166","Gymnasium",1983,"female",2,2,31979.9901019337,4,"Nordrhein-Westfalen","married",10.5,"fulltime",1997
"167","Gymnasium",1982,"male",1,1,155918.015970319,3,"Nordrhein-Westfalen","married",18,"parttime",1996
"168","Hauptschule",1988,"male",1,1,48880.9477257853,2,"Nordrhein-Westfalen","divorced",11.5,"parttime",2002
"169","Realschule",1983,"female",3,2,47881.3631029641,5,"Nordrhein-Westfalen","married",10.5,"none",1997
"170","Realschule",1986,"male",3,3,69485.2316317361,5,"Nordrhein-Westfalen","married",10.5,"parttime",2000
"171","Gymnasium",1986,"male",1,1,185350.327492422,3,"Nordrhein-Westfalen","married",11.5,"none",2000
"172","Realschule",1980,"female",2,2,83869.0000492644,4,"Nordrhein-Westfalen","married",10.5,"fulltime",1994
"173","Gymnasium",1980,"female",1,1,49523.5479819306,3,"Nordrhein-Westfalen","married",9,"none",1994
"174","Hauptschule",1980,"female",3,2,40776.9943255909,5,"Nordrhein-Westfalen","married",9,"none",1994
"175","Gymnasium",1985,"female",2,1,32187.9923912981,3,"Nordrhein-Westfalen","separated",18,"parttime",1999
"176","Gymnasium",1987,"female",2,2,41041.0001999347,3,"Nordrhein-Westfalen","divorced",18,"parttime",2001
"177","Gymnasium",1984,"female",2,1,48729.9574666685,4,"Nordrhein-Westfalen","married",14,"fulltime",1998
"178","Gymnasium",1984,"female",2,2,103880.03596817,4,"Nordrhein-Westfalen","married",15,"parttime",1998
"179","Gymnasium",1981,"male",2,1,92125.3420248692,4,"Nordrhein-Westfalen","married",15,"parttime",1995
"180","Gymnasium",1988,"male",2,2,49565.0799733515,3,"Nordrhein-Westfalen","separated",16,"none",2002
"181","Gymnasium",1986,"male",2,1,19903.9984681921,3,"Nordrhein-Westfalen","separated",16,"none",2000
"182","Hauptschule",1984,"female",1,1,37869.6547120547,2,"Nordrhein-Westfalen","separated",12,"fulltime",1998
"183","Realschule",1987,"male",2,1,44426.079626501,3,"Nordrhein-Westfalen","divorced",12,"fulltime",2001
"184","Realschule",1988,"male",1,1,44145.0554778953,2,"Nordrhein-Westfalen","divorced",11.5,"fulltime",2002
"185","Gymnasium",1985,"male",3,2,170106.325171037,5,"Nordrhein-Westfalen","married",12,"parttime",1999
"186","Realschule",1988,"male",3,3,132208.087083263,5,"Nordrhein-Westfalen","married",10,"fulltime",2002
"187","Gymnasium",1983,"female",3,1,88060.1661510012,5,"Nordrhein-Westfalen","married",12,"parttime",1997
"188","Gymnasium",1981,"male",2,2,6623.99727490599,2,"Nordrhein-Westfalen","divorced",11,"none",1995
"189","Hauptschule",1983,"male",2,2,71909.7042930043,4,"Nordrhein-Westfalen","married",12,"none",1997
"190","Hauptschule",1988,"male",2,1,54009.0472252977,4,"Nordrhein-Westfalen","separated",12,"parttime",2002
"191","Gymnasium",1987,"male",1,1,117431.862210274,3,"Nordrhein-Westfalen","married",11.5,"parttime",2001
"192","Gymnasium",1981,"female",3,2,140007.738128738,5,"Nordrhein-Westfalen","married",18,"fulltime",1995
"193","Gymnasium",1983,"female",3,3,168741.828372914,5,"Nordrhein-Westfalen","married",18,"fulltime",1997
"194","Gymnasium",1984,"female",2,2,156818.276792783,4,"Nordrhein-Westfalen","married",16,"parttime",1998
"195","Gymnasium",1982,"female",2,1,180909.292386817,4,"Nordrhein-Westfalen","married",16,"parttime",1996
"196","Gymnasium",1982,"male",3,3,146845.978219584,5,"Nordrhein-Westfalen","married",12,"parttime",1996
"197","Gymnasium",1986,"male",3,1,63349.0129157202,5,"Nordrhein-Westfalen","married",11.5,"parttime",2000
"198","Realschule",1983,"male",1,1,93389.3315452951,3,"Nordrhein-Westfalen","married",10.5,"none",1997
"199","Gymnasium",1981,"male",4,2,70883.6182809606,6,"Nordrhein-Westfalen","married",14.5,"none",1995
"200","Realschule",1985,"male",4,3,110531.855546712,6,"Nordrhein-Westfalen","married",14.5,"none",1999
"201","Gymnasium",1988,"male",5,1,114504.544268517,7,"Hessen","divorced",12,"fulltime",2002
"202","Gymnasium",1981,"male",2,1,137343.353030135,4,"Rheinland-Pfalz/Saarland","married",12,"none",1995
"203","Gymnasium",1983,"female",2,2,140836.816606359,4,"Nordrhein-Westfalen","married",12,"parttime",1997
"204","Gymnasium",1985,"female",3,2,79353.4144818796,5,"Bayern","married",15,"none",1999
"205","Hauptschule",1983,"male",3,1,90091.7289704257,5,"Bayern","married",15,"none",1997
"206","Gymnasium",1984,"male",2,1,51205.9859471523,4,"Nordrhein-Westfalen","married",13,"parttime",1998
"207","Realschule",1980,"female",4,1,63276.8589180776,6,"Nordrhein-Westfalen","married",11.5,"none",1994
"208","Realschule",1987,"female",4,3,92850.5464749898,6,"Nordrhein-Westfalen","married",10.5,"none",2001
"209","Gymnasium",1985,"female",4,2,84237.1709825344,6,"Nordrhein-Westfalen","married",11.5,"none",1999
"210","Gymnasium",1984,"female",2,1,58474.2197210169,4,"Nordrhein-Westfalen","married",10.5,"parttime",1998
"211","Gymnasium",1986,"male",2,2,69846.2572589644,4,"Nordrhein-Westfalen","married",10.5,"parttime",2000
"212","Realschule",1981,"male",1,1,69087.7810008946,3,"Nordrhein-Westfalen","married",10.5,"parttime",1995
"213","Gymnasium",1982,"female",2,2,84945.3910047093,4,"Nordrhein-Westfalen","married",10.5,"parttime",1996
"214","Realschule",1982,"male",2,2,62192.554567066,4,"Nordrhein-Westfalen","married",11,"fulltime",1996
"215","Gymnasium",1981,"male",3,1,77506.0285502303,5,"Nordrhein-Westfalen","married",11.5,"none",1995
"216","Gymnasium",1988,"male",3,3,91137.7078724199,5,"Nordrhein-Westfalen","married",11.5,"none",2002
"217","Gymnasium",1985,"female",3,2,80626.0360539351,5,"Nordrhein-Westfalen","married",11.5,"none",1999
"218","Gymnasium",1988,"male",2,1,88494.5746364311,4,"Nordrhein-Westfalen","married",11,"parttime",2002
"219","Gymnasium",1987,"male",2,1,65915.0313645286,4,"Nordrhein-Westfalen","married",10.5,"parttime",2001
"220","Hauptschule",1980,"male",4,2,52946.3884016448,6,"Nordrhein-Westfalen","married",10,"none",1994
"221","Gymnasium",1987,"female",1,1,108670.954159182,3,"Nordrhein-Westfalen","married",11.5,"fulltime",2001
"222","Gymnasium",1985,"male",3,3,64379.8835246917,3,"Nordrhein-Westfalen","married",10.5,"none",1999
"223","Realschule",1981,"female",2,2,45930.9634002406,4,"Nordrhein-Westfalen","married",12,"parttime",1995
"224","Gymnasium",1988,"female",2,2,147395.131722597,4,"Nordrhein-Westfalen","married",12,"none",2002
"225","Gymnasium",1985,"female",2,1,147962.988737426,4,"Nordrhein-Westfalen","married",12,"none",1999
"226","Gymnasium",1983,"female",2,2,57449.4164520333,4,"Nordrhein-Westfalen","married",10.5,"none",1997
"227","Gymnasium",1985,"female",3,3,77906.3504221787,5,"Nordrhein-Westfalen","married",12,"none",1999
"228","Gymnasium",1982,"male",3,2,74648.7892217346,5,"Nordrhein-Westfalen","married",12,"none",1996
"229","Gymnasium",1980,"male",3,1,72871.4450369047,5,"Nordrhein-Westfalen","married",12,"none",1994
"230","Gymnasium",1982,"male",2,1,110600.288715622,4,"Niedersachsen","married",11,"none",1996
"231","Gymnasium",1985,"female",2,1,32782.2384037268,3,"Nordrhein-Westfalen","separated",14.5,"parttime",1999
"232","Realschule",1988,"female",2,2,56698.9439463644,4,"Nordrhein-Westfalen","married",12,"none",2002
"233","Realschule",1985,"male",2,1,57984.1002335102,4,"Nordrhein-Westfalen","married",10.5,"parttime",1999
"234","Realschule",1982,"male",3,1,50442.9373268751,5,"Nordrhein-Westfalen","married",10.5,"none",1996
"235","Realschule",1986,"female",3,3,79629.7382811525,5,"Nordrhein-Westfalen","married",10.5,"none",2000
"236","Realschule",1986,"female",3,2,79629.7382811525,5,"Nordrhein-Westfalen","married",10.5,"none",2000
"237","Realschule",1985,"male",4,3,94247.0938244082,6,"Nordrhein-Westfalen","married",10.5,"parttime",1999
"238","Realschule",1981,"male",1,1,40954.5143320131,3,"Nordrhein-Westfalen","married",10.5,"none",1995
"239","Gymnasium",1980,"female",2,1,67172.4109538621,4,"Nordrhein-Westfalen","married",14,"none",1994
"240","Gymnasium",1982,"female",2,2,66389.7020336076,4,"Nordrhein-Westfalen","married",14,"none",1996
"241","Realschule",1987,"male",3,3,65747.9690552199,4,"Nordrhein-Westfalen","married",9,"parttime",2001
"242","Realschule",1985,"female",3,2,66644.7770041833,4,"Nordrhein-Westfalen","married",10.5,"none",1999
"243","Hauptschule",1982,"male",2,2,65956.9104034657,4,"Nordrhein-Westfalen","married",11.5,"none",1996
"244","Gymnasium",1980,"male",2,1,63144.5390541775,4,"Nordrhein-Westfalen","married",11.5,"none",1994
"245","Gymnasium",1985,"male",2,2,108179.277311879,4,"Nordrhein-Westfalen","married",18,"fulltime",1999
"246","Gymnasium",1982,"male",2,1,111050.003710109,4,"Nordrhein-Westfalen","married",18,"fulltime",1996
"247","Hauptschule",1981,"female",6,2,59044.2252561351,8,"Nordrhein-Westfalen","married",10,"none",1995
"248","Hauptschule",1982,"female",6,3,71163.017015505,8,"Nordrhein-Westfalen","married",10,"none",1996
"249","Realschule",1985,"female",6,4,72121.6490808357,7,"Nordrhein-Westfalen","married",10,"none",1999
"250","Hauptschule",1987,"female",6,5,75930.7093772807,7,"Nordrhein-Westfalen","married",10,"none",2001
"251","Hauptschule",1982,"male",3,1,45353.8335611477,5,"Nordrhein-Westfalen","married",11.5,"none",1996
"252","Gymnasium",1984,"female",2,1,107474.98368776,4,"Nordrhein-Westfalen","married",10.5,"parttime",1998
"253","Gymnasium",1988,"male",2,2,149226.618535372,4,"Nordrhein-Westfalen","married",10.5,"parttime",2002
"254","Realschule",1984,"male",2,2,63420.3419481189,4,"Nordrhein-Westfalen","married",12,"parttime",1998
"255","Gymnasium",1981,"female",2,1,51907.0140568894,4,"Nordrhein-Westfalen","married",12,"parttime",1995
"256","Gymnasium",1983,"female",3,3,75925.9302586414,3,"Nordrhein-Westfalen","married",12,"none",1997
"257","Realschule",1988,"female",3,3,80900.0016822143,3,"Nordrhein-Westfalen","married",11.5,"fulltime",2002
"258","Realschule",1981,"female",3,2,59487.9660467586,6,"Nordrhein-Westfalen","married",10.5,"none",1995
"259","Gymnasium",1983,"male",2,2,46310.0589045398,4,"Nordrhein-Westfalen","married",18,"parttime",1997
"260","Hauptschule",1986,"female",4,1,83327.4268320514,6,"Nordrhein-Westfalen","married",10.5,"none",2000
"261","Realschule",1987,"male",4,2,88635.457524912,6,"Nordrhein-Westfalen","married",10.5,"none",2001
"262","Realschule",1986,"female",2,2,50381.1588066165,4,"Nordrhein-Westfalen","married",10.5,"parttime",2000
"263","Realschule",1984,"female",2,1,49021.5117396931,4,"Nordrhein-Westfalen","married",10.5,"none",1998
"264","Realschule",1988,"male",3,3,68243.8233688902,5,"Nordrhein-Westfalen","married",11.5,"none",2002
"265","Gymnasium",1980,"male",3,1,48981.6964431491,5,"Nordrhein-Westfalen","married",11.5,"none",1994
"266","Gymnasium",1982,"male",3,2,56481.9354708482,5,"Nordrhein-Westfalen","married",11.5,"none",1996
"267","Realschule",1988,"female",3,1,68940.8113343164,5,"Nordrhein-Westfalen","married",12,"none",2002
"268","Hauptschule",1985,"female",3,2,74114.29053852,5,"Nordrhein-Westfalen","married",10,"fulltime",1999
"269","Gymnasium",1982,"male",3,1,72111.6078175066,5,"Nordrhein-Westfalen","married",10,"fulltime",1996
"270","Realschule",1984,"male",3,1,40506.0714141819,5,"Nordrhein-Westfalen","married",10.5,"none",1998
"271","Gymnasium",1986,"male",2,1,64438.3604304293,4,"Nordrhein-Westfalen","married",15,"parttime",2000
"272","Gymnasium",1985,"female",1,1,91642.4290765724,3,"Nordrhein-Westfalen","married",14,"none",1999
"273","Gymnasium",1982,"female",2,2,126050.534298173,5,"Nordrhein-Westfalen","married",10.5,"parttime",1996
"274","Gymnasium",1982,"male",1,1,60131.8178423513,3,"Nordrhein-Westfalen","married",10.5,"parttime",1996
"275","Gymnasium",1986,"female",2,2,86664.9952874282,4,"Nordrhein-Westfalen","married",12,"parttime",2000
"276","Gymnasium",1983,"male",2,1,71531.3273577205,4,"Nordrhein-Westfalen","married",11.5,"none",1997
"277","Gymnasium",1987,"male",1,1,157439.703444443,3,"Nordrhein-Westfalen","married",14.5,"parttime",2001
"278","Gymnasium",1983,"male",2,2,124595.665066673,4,"Nordrhein-Westfalen","married",11.5,"parttime",1997
"279","Gymnasium",1986,"male",2,2,63010.9935706767,3,"Nordrhein-Westfalen","separated",9,"parttime",2000
"280","Gymnasium",1986,"female",4,2,115022.775666683,5,"Nordrhein-Westfalen","divorced",18,"parttime",2000
"281","Hauptschule",1987,"male",2,1,73069.4982393371,4,"Nordrhein-Westfalen","married",9,"parttime",2001
"282","Hauptschule",1983,"female",2,1,62245.2454353474,4,"Nordrhein-Westfalen","married",10.5,"none",1997
"283","Realschule",1988,"female",2,2,89277.8304011366,4,"Nordrhein-Westfalen","married",10.5,"none",2002
"284","Realschule",1980,"male",1,1,37251.6908167244,3,"Nordrhein-Westfalen","married",10.5,"none",1994
"285","Hauptschule",1985,"male",4,4,43371.3398815409,6,"Nordrhein-Westfalen","married",7,"none",1999
"286","Hauptschule",1985,"male",4,3,43371.3398815409,6,"Nordrhein-Westfalen","married",7,"none",1999
"287","Hauptschule",1981,"female",4,1,39436.9885180492,6,"Nordrhein-Westfalen","married",7,"none",1995
"288","Realschule",1987,"male",1,1,15742.5360101397,2,"Nordrhein-Westfalen","divorced",12,"fulltime",2001
"289","Gymnasium",1981,"male",2,2,68732.4456155175,4,"Nordrhein-Westfalen","married",10.5,"none",1995
"290","Gymnasium",1984,"male",3,3,133429.644809208,4,"Nordrhein-Westfalen","married",18,"parttime",1998
"291","Gymnasium",1980,"female",3,3,59447.3596958966,4,"Nordrhein-Westfalen","married",9,"none",1994
"292","Gymnasium",1980,"female",2,1,86833.0204758029,4,"Nordrhein-Westfalen","married",11,"parttime",1994
"293","Gymnasium",1981,"male",2,2,93625.9148659401,4,"Nordrhein-Westfalen","married",11,"parttime",1995
"294","Gymnasium",1988,"female",2,2,96179.5773595579,4,"Nordrhein-Westfalen","married",12,"parttime",2002
"295","Realschule",1985,"male",2,1,69989.0162084736,4,"Nordrhein-Westfalen","married",12,"parttime",1999
"296","Hauptschule",1983,"male",2,1,23403.4876493331,3,"Nordrhein-Westfalen","divorced",10.5,"none",1997
"297","Hauptschule",1988,"female",3,3,92293.8310219684,5,"Nordrhein-Westfalen","married",7,"parttime",2002
"298","Hauptschule",1982,"female",3,2,57887.0230945835,5,"Nordrhein-Westfalen","married",7,"parttime",1996
"299","Realschule",1983,"female",5,4,80898.3043504365,7,"Nordrhein-Westfalen","married",12,"none",1997
"300","Hauptschule",1988,"female",5,5,99697.4445978322,6,"Nordrhein-Westfalen","married",12,"none",2002
"301","Hauptschule",1982,"male",5,3,81056.0767464823,7,"Nordrhein-Westfalen","married",12,"none",1996
"302","Hauptschule",1980,"male",2,2,38455.5614650141,3,"Nordrhein-Westfalen","married",10.5,"parttime",1994
"303","Gymnasium",1981,"male",2,2,73066.9199581859,3,"Hessen","married",10.5,"fulltime",1995
"304","Realschule",1982,"female",2,1,96501.9759933934,5,"Nordrhein-Westfalen","married",14.5,"fulltime",1996
"305","Realschule",1986,"male",3,1,20199.9991906559,4,"Hessen","single",10.5,"none",2000
"306","Realschule",1987,"female",3,2,42120.0113783509,4,"Hessen","single",10.5,"none",2001
"307","Gymnasium",1980,"female",3,3,139614.402418907,5,"Hessen","married",14.5,"parttime",1994
"308","Hauptschule",1986,"male",3,3,23066.9892326446,3,"Hessen","married",9,"none",2000
"309","Hauptschule",1983,"male",2,2,52042.9768590528,3,"Hessen","married",9,"none",1997
"310","Realschule",1988,"female",4,3,97606.9254850251,4,"Rheinland-Pfalz/Saarland","married",10.5,"none",2002
"311","Hauptschule",1983,"male",2,1,44316.735469205,4,"Bayern","married",11.5,"none",1997
"312","Gymnasium",1988,"female",3,1,76911.6731897051,5,"Hessen","married",12,"none",2002
"313","Realschule",1983,"male",1,1,73191.8969441643,3,"Hessen","married",10.5,"none",1997
"314","Realschule",1985,"male",3,3,45271.9867246026,3,"Hessen","married",9,"none",1999
"315","Realschule",1985,"male",2,2,37646.292716422,3,"Hessen","separated",10,"fulltime",1999
"316","Realschule",1988,"male",5,2,140582.2562142,7,"Bayern","married",12,"none",2002
"317","Gymnasium",1986,"male",5,1,130934.014426918,6,"Bayern","married",12,"parttime",2000
"318","Gymnasium",1982,"female",3,1,62234.6205993956,5,"Hessen","married",18,"none",1996
"319","Realschule",1984,"male",2,2,39353.1321819317,2,"Hessen","divorced",11.5,"parttime",1998
"320","Realschule",1980,"female",2,1,30455.9772742758,3,"Hessen","divorced",11.5,"parttime",1994
"321","Gymnasium",1982,"female",2,2,90353.1268512281,4,"Hessen","widowed",11.5,"parttime",1996
"322","Realschule",1986,"male",3,1,61460.1933350139,5,"Hessen","married",11.5,"parttime",2000
"323","Realschule",1988,"female",3,2,67555.7502485211,5,"Hessen","married",11.5,"none",2002
"324","Hauptschule",1981,"female",3,2,47318.1580140916,5,"Hessen","married",9,"parttime",1995
"325","Hauptschule",1986,"male",3,3,50297.0983344671,3,"Hessen","married",9,"fulltime",2000
"326","Realschule",1985,"female",3,1,88188.5822314153,5,"Hessen","married",11,"parttime",1999
"327","Gymnasium",1987,"male",4,1,108397.283906688,8,"Baden Wuerttemberg","married",18,"none",2001
"328","Realschule",1982,"male",1,1,55151.0171155964,3,"Hessen","married",11,"parttime",1996
"329","Gymnasium",1986,"female",1,1,88970.9963571462,3,"Hessen","married",14,"parttime",2000
"330","Realschule",1985,"female",3,3,95227.093453584,4,"Hessen","married",10.5,"fulltime",1999
"331","Hauptschule",1981,"male",2,2,52341.0237804046,3,"Hessen","married",9,"parttime",1995
"332","Gymnasium",1982,"male",2,2,85118.0370093194,4,"Hessen","married",9,"none",1996
"333","Gymnasium",1982,"male",3,1,65979.5587992169,4,"Hessen","separated",15,"fulltime",1996
"334","Realschule",1983,"male",3,2,55352.6701869414,4,"Hessen","separated",15,"fulltime",1997
"335","Realschule",1983,"male",3,3,55352.6701869414,4,"Hessen","separated",15,"fulltime",1997
"336","Hauptschule",1981,"male",2,2,78120.3227192012,4,"Hessen","married",11.5,"none",1995
"337","Gymnasium",1981,"male",2,1,47785.8852909559,4,"Hessen","married",11.5,"parttime",1995
"338","Realschule",1986,"male",3,1,75660.1500737901,5,"Hessen","married",12,"parttime",2000
"339","Gymnasium",1986,"female",1,1,71111.3216489834,3,"Hessen","married",18,"parttime",2000
"340","Realschule",1980,"male",1,1,43417.2761583621,3,"Hessen","married",11.5,"none",1994
"341","Gymnasium",1982,"female",3,1,42646.7573226822,5,"Hessen","married",11,"parttime",1996
"342","Gymnasium",1982,"female",2,1,63671.7803404763,4,"Hessen","married",12,"parttime",1996
"343","Realschule",1986,"male",4,2,51687.7374307395,6,"Rheinland-Pfalz/Saarland","married",10.5,"none",2000
"344","Hauptschule",1981,"female",4,1,17063.266358218,5,"Rheinland-Pfalz/Saarland","married",9,"none",1995
"345","Realschule",1981,"male",2,2,38968.0931728067,3,"Rheinland-Pfalz/Saarland","widowed",10.5,"parttime",1995
"346","Gymnasium",1988,"female",4,1,134034.423313328,6,"Rheinland-Pfalz/Saarland","married",13,"none",2002
"347","Realschule",1986,"female",3,3,61079.5134313481,5,"Rheinland-Pfalz/Saarland","married",10,"none",2000
"348","Realschule",1982,"male",3,2,45357.7264789708,5,"Rheinland-Pfalz/Saarland","married",10,"none",1996
"349","Realschule",1980,"male",3,1,49957.0156740755,5,"Rheinland-Pfalz/Saarland","married",10,"none",1994
"350","Hauptschule",1986,"female",4,2,71111.9998226278,5,"Rheinland-Pfalz/Saarland","married",10.5,"fulltime",2000
"351","Hauptschule",1982,"male",4,1,62962.7581934971,6,"Rheinland-Pfalz/Saarland","married",9,"none",1996
"352","Gymnasium",1984,"female",2,2,77676.443040172,4,"Rheinland-Pfalz/Saarland","married",16,"none",1998
"353","Gymnasium",1980,"female",2,1,64421.0329554939,4,"Rheinland-Pfalz/Saarland","married",16,"none",1994
"354","Realschule",1982,"female",2,2,38543.827098133,4,"Rheinland-Pfalz/Saarland","married",15,"none",1996
"355","Realschule",1980,"female",2,1,37095.1379723526,4,"Rheinland-Pfalz/Saarland","married",15,"none",1994
"356","Hauptschule",1980,"male",2,1,23756.990318036,3,"Rheinland-Pfalz/Saarland","divorced",10.5,"parttime",1994
"357","Hauptschule",1982,"male",4,3,74402.0241083493,7,"Rheinland-Pfalz/Saarland","married",10.5,"parttime",1996
"358","Hauptschule",1980,"female",4,2,58382.0008428025,7,"Rheinland-Pfalz/Saarland","married",10.5,"none",1994
"359","Hauptschule",1980,"female",1,1,22438.9965401424,2,"Rheinland-Pfalz/Saarland","divorced",9,"parttime",1994
"360","Gymnasium",1981,"male",2,1,51192.3631199937,4,"Rheinland-Pfalz/Saarland","married",9,"none",1995
"361","Gymnasium",1983,"female",1,1,65978.4891167072,3,"Rheinland-Pfalz/Saarland","married",10.5,"parttime",1997
"362","Hauptschule",1983,"male",6,3,52675.981076483,6,"Rheinland-Pfalz/Saarland","married",9,"none",1997
"363","Hauptschule",1987,"female",6,4,43920.0170940913,6,"Rheinland-Pfalz/Saarland","divorced",9,"none",2001
"364","Gymnasium",1985,"male",2,2,67059.5030480659,3,"Rheinland-Pfalz/Saarland","married",11.5,"fulltime",1999
"365","Gymnasium",1984,"female",3,2,77615.6487816383,4,"Rheinland-Pfalz/Saarland","married",18,"none",1998
"366","Gymnasium",1987,"male",3,3,128896.326171175,4,"Rheinland-Pfalz/Saarland","married",18,"parttime",2001
"367","Gymnasium",1987,"female",1,1,70654.8920874899,3,"Rheinland-Pfalz/Saarland","married",11.5,"parttime",2001
"368","Realschule",1982,"female",1,1,77131.0045137045,3,"Rheinland-Pfalz/Saarland","married",11.5,"parttime",1996
"369","Realschule",1984,"female",1,1,73517.3336417722,3,"Rheinland-Pfalz/Saarland","married",10.5,"none",1998
"370","Hauptschule",1985,"male",3,2,54873.5366891321,5,"Rheinland-Pfalz/Saarland","married",9,"parttime",1999
"371","Hauptschule",1981,"female",3,1,38165.2869744235,5,"Rheinland-Pfalz/Saarland","married",9,"parttime",1995
"372","Realschule",1985,"male",1,1,70890.9870515443,3,"Rheinland-Pfalz/Saarland","married",11.5,"parttime",1999
"373","Gymnasium",1987,"male",2,2,124654.615556138,5,"Rheinland-Pfalz/Saarland","married",18,"parttime",2001
"374","Gymnasium",1984,"male",2,1,107540.601234832,5,"Rheinland-Pfalz/Saarland","married",16,"parttime",1998
"375","Realschule",1986,"female",1,1,60211.9838322614,3,"Rheinland-Pfalz/Saarland","married",11.5,"parttime",2000
"376","Hauptschule",1980,"male",4,4,16232.9974718007,3,"Rheinland-Pfalz/Saarland","married",7,"none",1994
"377","Realschule",1982,"male",1,1,48082.9785639716,3,"Rheinland-Pfalz/Saarland","married",11.5,"parttime",1996
"378","Gymnasium",1982,"male",2,2,75866.9401696201,4,"Rheinland-Pfalz/Saarland","married",12,"none",1996
"379","Gymnasium",1980,"female",2,1,75618.5280096519,4,"Rheinland-Pfalz/Saarland","married",12,"none",1994
"380","Hauptschule",1984,"male",2,1,8826.60303821414,4,"Rheinland-Pfalz/Saarland","married",10.5,"none",1998
"381","Gymnasium",1980,"male",2,1,71003.9805521633,4,"Rheinland-Pfalz/Saarland","married",16,"parttime",1994
"382","Gymnasium",1981,"female",2,1,20535.5646057243,4,"Rheinland-Pfalz/Saarland","married",9,"none",1995
"383","Gymnasium",1985,"female",2,1,46758.1885104472,3,"Rheinland-Pfalz/Saarland","divorced",11.5,"fulltime",1999
"384","Gymnasium",1981,"female",2,1,53936.0081655521,4,"Rheinland-Pfalz/Saarland","married",9,"none",1995
"385","Gymnasium",1986,"female",1,1,113667.976080921,3,"Rheinland-Pfalz/Saarland","married",12,"none",2000
"386","Gymnasium",1984,"male",2,2,68009.4745182317,4,"Rheinland-Pfalz/Saarland","married",10.5,"none",1998
"387","Realschule",1980,"male",2,1,57773.7973538991,4,"Rheinland-Pfalz/Saarland","married",10.5,"none",1994
"388","Gymnasium",1987,"female",2,2,39407.4756827817,4,"Rheinland-Pfalz/Saarland","married",11.5,"parttime",2001
"389","Gymnasium",1986,"female",2,1,41610.3654107732,3,"Rheinland-Pfalz/Saarland","divorced",11.5,"parttime",2000
"390","Realschule",1981,"male",2,2,61160.0096266367,3,"Rheinland-Pfalz/Saarland","divorced",10.5,"fulltime",1995
"391","Realschule",1984,"male",5,3,15891.9165295313,4,"Baden Wuerttemberg","separated",11.5,"none",1998
"392","Gymnasium",1987,"female",2,2,37678.7264589985,3,"Baden Wuerttemberg","separated",12,"fulltime",2001
"393","Gymnasium",1981,"male",2,1,85801.9899177919,4,"Baden Wuerttemberg","married",11.5,"parttime",1995
"394","Gymnasium",1985,"female",2,1,29594.9957993074,4,"Baden Wuerttemberg","married",18,"none",1999
"395","Gymnasium",1982,"male",2,2,63691.7610594594,4,"Baden Wuerttemberg","married",10.5,"parttime",1996
"396","Gymnasium",1985,"male",4,1,111319.9668157,6,"Baden Wuerttemberg","married",18,"none",1999
"397","Gymnasium",1987,"female",4,2,103228.045536769,6,"Baden Wuerttemberg","married",18,"none",2001
"398","Realschule",1988,"female",2,2,80498.6515456204,5,"Baden Wuerttemberg","divorced",7,"none",2002
"399","Realschule",1982,"male",2,1,62278.9720101401,4,"Baden Wuerttemberg","married",10.5,"parttime",1996
"400","Hauptschule",1985,"male",2,2,68817.97385757,4,"Baden Wuerttemberg","married",10.5,"none",1999
"401","Gymnasium",1981,"male",2,1,127547.325113891,4,"Baden Wuerttemberg","married",12,"none",1995
"402","Gymnasium",1984,"female",2,2,134964.367094786,4,"Baden Wuerttemberg","married",12,"none",1998
"403","Gymnasium",1983,"male",2,2,117554.33301264,4,"Baden Wuerttemberg","married",12,"parttime",1997
"404","Realschule",1988,"male",2,2,117925.998609813,4,"Baden Wuerttemberg","divorced",12,"parttime",2002
"405","Gymnasium",1986,"female",2,1,96923.4775935113,4,"Baden Wuerttemberg","divorced",12,"parttime",2000
"406","Realschule",1983,"male",2,1,29230.0423995924,4,"Baden Wuerttemberg","married",12,"parttime",1997
"407","Hauptschule",1987,"male",3,1,127814.845295141,5,"Baden Wuerttemberg","married",11.5,"fulltime",2001
"408","Gymnasium",1987,"male",2,1,87977.4839836467,4,"Baden Wuerttemberg","married",15,"none",2001
"409","Realschule",1983,"female",2,2,72957.9488977488,4,"Baden Wuerttemberg","married",10.5,"none",1997
"410","Realschule",1984,"female",3,3,73880.8465595017,4,"Baden Wuerttemberg","divorced",12,"parttime",1998
"411","Gymnasium",1980,"male",3,2,68918.9867586135,4,"Baden Wuerttemberg","separated",12,"parttime",1994
"412","Hauptschule",1981,"male",2,2,68799.0750320051,4,"Baden Wuerttemberg","married",11,"parttime",1995
"413","Hauptschule",1987,"male",1,1,61740.0021051593,3,"Baden Wuerttemberg","married",9,"none",2001
"414","Gymnasium",1981,"male",2,2,65671.3916585331,4,"Baden Wuerttemberg","married",10.5,"parttime",1995
"415","Gymnasium",1986,"female",2,1,83015.3884734448,4,"Baden Wuerttemberg","married",11,"parttime",2000
"416","Gymnasium",1987,"male",2,2,84184.1666799434,4,"Baden Wuerttemberg","married",11,"none",2001
"417","Gymnasium",1981,"female",2,2,52836.3762868296,4,"Baden Wuerttemberg","married",11.5,"none",1995
"418","Realschule",1988,"female",1,1,27220.1254120691,2,"Baden Wuerttemberg","single",14,"none",2002
"419","Hauptschule",1982,"male",2,2,50962.009188644,4,"Baden Wuerttemberg","married",9,"none",1996
"420","Gymnasium",1984,"female",3,3,109174.027551554,5,"Baden Wuerttemberg","married",13.5,"parttime",1998
"421","Gymnasium",1980,"male",3,2,85794.6257899631,5,"Baden Wuerttemberg","married",13.5,"parttime",1994
"422","Gymnasium",1981,"female",2,1,70225.1631416575,4,"Baden Wuerttemberg","married",10.5,"parttime",1995
"423","Gymnasium",1983,"male",2,2,70539.6959135993,4,"Baden Wuerttemberg","married",10.5,"parttime",1997
"424","Realschule",1984,"male",2,1,48044.017181149,4,"Baden Wuerttemberg","married",11.5,"parttime",1998
"425","Gymnasium",1987,"male",2,2,84220.3826769665,4,"Baden Wuerttemberg","married",11.5,"parttime",2001
"426","Gymnasium",1987,"male",3,3,95277.236880439,5,"Baden Wuerttemberg","married",9,"none",2001
"427","Gymnasium",1980,"female",3,2,56276.7051127988,5,"Baden Wuerttemberg","married",9,"none",1994
"428","Hauptschule",1988,"female",2,1,81063.2660674623,4,"Baden Wuerttemberg","married",11.5,"parttime",2002
"429","Realschule",1982,"male",3,3,99131.4364052113,4,"Baden Wuerttemberg","married",10.5,"parttime",1996
"430","Hauptschule",1986,"female",3,1,56879.9961902025,5,"Baden Wuerttemberg","married",9,"none",2000
"431","Hauptschule",1981,"female",3,3,54023.0074373618,4,"Baden Wuerttemberg","divorced",10.5,"none",1995
"432","Realschule",1985,"female",4,4,51197.0013100792,4,"Baden Wuerttemberg","married",9,"none",1999
"433","Hauptschule",1983,"male",4,3,49390.0220635886,4,"Baden Wuerttemberg","married",9,"none",1997
"434","Realschule",1983,"female",1,1,38339.9920718569,3,"Baden Wuerttemberg","married",10.5,"none",1997
"435","Hauptschule",1985,"female",2,1,45084.4366823418,4,"Baden Wuerttemberg","married",11.5,"none",1999
"436","Gymnasium",1988,"male",2,2,46766.5725737086,4,"Baden Wuerttemberg","married",11.5,"none",2002
"437","Realschule",1982,"female",2,1,35619.8905762272,4,"Baden Wuerttemberg","married",9,"fulltime",1996
"438","Hauptschule",1983,"female",2,2,66191.1929607362,4,"Baden Wuerttemberg","married",9,"none",1997
"439","Gymnasium",1985,"male",2,1,89592.9849434801,4,"Baden Wuerttemberg","married",16,"parttime",1999
"440","Gymnasium",1982,"male",2,1,43605.126062878,4,"Baden Wuerttemberg","married",10,"parttime",1996
"441","Gymnasium",1985,"female",2,2,71426.8943186992,4,"Baden Wuerttemberg","married",10,"fulltime",1999
"442","Gymnasium",1984,"female",2,1,76853.0899111573,4,"Baden Wuerttemberg","married",10.5,"parttime",1998
"443","Gymnasium",1981,"male",3,3,122723.429321451,5,"Baden Wuerttemberg","married",10,"parttime",1995
"444","Hauptschule",1984,"female",4,4,226132.092593107,6,"Baden Wuerttemberg","married",11,"none",1998
"445","Hauptschule",1981,"female",4,2,81459.3515462761,6,"Baden Wuerttemberg","married",11,"none",1995
"446","Hauptschule",1983,"male",4,3,155987.769527028,6,"Baden Wuerttemberg","married",11,"none",1997
"447","Hauptschule",1983,"male",3,3,98862.5543503949,4,"Baden Wuerttemberg","married",11,"parttime",1997
"448","Gymnasium",1988,"male",3,2,114805.348002247,5,"Baden Wuerttemberg","married",12,"parttime",2002
"449","Hauptschule",1986,"male",3,1,74284.0481236461,5,"Baden Wuerttemberg","married",12,"parttime",2000
"450","Hauptschule",1980,"male",2,2,62660.0160594216,4,"Baden Wuerttemberg","married",11.5,"none",1994
"451","Gymnasium",1988,"male",2,1,134779.406021412,4,"Baden Wuerttemberg","married",18,"parttime",2002
"452","Realschule",1980,"male",2,2,88667.3308228356,4,"Baden Wuerttemberg","married",9,"none",1994
"453","Realschule",1985,"male",3,3,65788.9890517739,3,"Baden Wuerttemberg","married",10.5,"parttime",1999
"454","Gymnasium",1988,"female",1,1,106572.319917539,3,"Baden Wuerttemberg","married",11.5,"parttime",2002
"455","Realschule",1986,"female",1,1,59013.601125833,3,"Baden Wuerttemberg","married",9,"parttime",2000
"456","Hauptschule",1981,"male",2,1,48276.0039355316,4,"Baden Wuerttemberg","divorced",11.5,"fulltime",1995
"457","Hauptschule",1982,"female",2,2,37626.5516278217,4,"Baden Wuerttemberg","divorced",11.5,"fulltime",1996
"458","Gymnasium",1987,"female",4,4,60229.1556445381,3,"Baden Wuerttemberg","married",11,"none",2001
"459","Realschule",1984,"male",2,2,68750.998307165,4,"Baden Wuerttemberg","married",11,"parttime",1998
"460","Realschule",1982,"female",2,1,66171.5640463192,4,"Baden Wuerttemberg","married",11,"parttime",1996
"461","Gymnasium",1982,"male",4,1,58528.727868984,6,"Baden Wuerttemberg","married",11.5,"none",1996
"462","Realschule",1985,"male",4,3,73119.9672414901,6,"Baden Wuerttemberg","married",11.5,"parttime",1999
"463","Gymnasium",1983,"female",4,2,61986.0199579601,6,"Baden Wuerttemberg","married",11.5,"parttime",1997
"464","Hauptschule",1987,"male",4,4,80055.9918833244,6,"Baden Wuerttemberg","married",12,"parttime",2001
"465","Realschule",1987,"male",4,1,132321.989482506,6,"Baden Wuerttemberg","married",14,"none",2001
"466","Hauptschule",1987,"female",3,1,68180.0074088494,5,"Baden Wuerttemberg","married",12,"fulltime",2001
"467","Hauptschule",1988,"female",3,2,90363.8984253119,5,"Baden Wuerttemberg","married",12,"fulltime",2002
"468","Realschule",1982,"male",2,2,53580.007035883,4,"Baden Wuerttemberg","married",12,"parttime",1996
"469","Gymnasium",1980,"female",2,1,50433.9903795369,4,"Baden Wuerttemberg","married",12,"parttime",1994
"470","Realschule",1988,"female",2,1,104732.425415068,4,"Baden Wuerttemberg","married",10.5,"none",2002
"471","Realschule",1981,"female",2,2,48077.9805740611,4,"Baden Wuerttemberg","married",10.5,"none",1995
"472","Realschule",1980,"female",2,1,43699.0013429847,4,"Baden Wuerttemberg","married",10.5,"none",1994
"473","Realschule",1985,"female",2,2,77142.9953765182,3,"Baden Wuerttemberg","widowed",11.5,"parttime",1999
"474","Gymnasium",1985,"male",5,3,84574.769943595,7,"Baden Wuerttemberg","married",12,"none",1999
"475","Gymnasium",1987,"male",5,4,76042.0175069507,7,"Baden Wuerttemberg","married",12,"none",2001
"476","Gymnasium",1983,"female",3,3,97353.0405180889,3,"Baden Wuerttemberg","married",11.5,"parttime",1997
"477","Realschule",1985,"male",2,2,67889.8503379668,4,"Baden Wuerttemberg","married",10.5,"none",1999
"478","Realschule",1981,"male",2,1,53099.3521079299,4,"Baden Wuerttemberg","married",10.5,"none",1995
"479","Hauptschule",1982,"male",4,2,62904.5405387617,6,"Baden Wuerttemberg","married",9,"none",1996
"480","Hauptschule",1981,"male",4,1,62405.7285303989,6,"Baden Wuerttemberg","married",9,"none",1995
"481","Hauptschule",1986,"female",4,3,85177.3965392353,5,"Baden Wuerttemberg","married",7,"none",2000
"482","Hauptschule",1988,"male",2,1,45417.5463722931,4,"Baden Wuerttemberg","married",11,"none",2002
"483","Gymnasium",1987,"female",3,3,69897.9662015952,4,"Baden Wuerttemberg","married",12,"parttime",2001
"484","Gymnasium",1984,"female",2,2,93131.4056567054,4,"Baden Wuerttemberg","married",9,"parttime",1998
"485","Realschule",1980,"female",3,2,67638.7176530518,5,"Baden Wuerttemberg","married",10.5,"parttime",1994
"486","Realschule",1982,"male",3,3,78502.0286006737,5,"Baden Wuerttemberg","married",10.5,"parttime",1996
"487","Realschule",1985,"female",4,2,79006.9654576671,5,"Baden Wuerttemberg","married",12,"parttime",1999
"488","Hauptschule",1988,"female",4,3,90392.8587819774,5,"Baden Wuerttemberg","married",12,"parttime",2002
"489","Realschule",1983,"female",1,1,38664.9885608002,3,"Baden Wuerttemberg","single",11,"parttime",1997
"490","Realschule",1986,"male",2,1,69896.033091368,4,"Baden Wuerttemberg","married",9,"parttime",2000
"491","Gymnasium",1986,"female",4,4,86688.4711175817,4,"Baden Wuerttemberg","married",10.5,"fulltime",2000
"492","Gymnasium",1984,"female",2,2,87409.8809248848,4,"Baden Wuerttemberg","married",15,"parttime",1998
"493","Gymnasium",1983,"male",2,1,79999.9725422888,4,"Bayern","married",16,"none",1997
"494","Gymnasium",1987,"male",2,1,69836.1997853157,4,"Bayern","married",15,"parttime",2001
"495","Gymnasium",1988,"female",3,1,59957.1089718367,5,"Baden Wuerttemberg","divorced",11.5,"parttime",2002
"496","Gymnasium",1985,"female",3,3,109643.035612344,5,"Bayern","married",16,"parttime",1999
"497","Realschule",1981,"female",3,2,85887.9514615353,5,"Bayern","married",16,"none",1995
"498","Realschule",1987,"female",1,1,139762.939915164,4,"Bayern","married",12,"parttime",2001
"499","Gymnasium",1988,"female",1,1,43228.4215322053,2,"Bayern","widowed",12,"parttime",2002
"500","Realschule",1980,"female",2,2,26459.2237311758,2,"Bayern","separated",9,"parttime",1994
"501","Realschule",1980,"male",2,2,70574.349449395,4,"Bayern","married",10.5,"parttime",1994
"502","Gymnasium",1985,"female",2,2,102317.034314488,4,"Bayern","married",11.5,"none",1999
"503","Gymnasium",1983,"female",2,1,104880.253088079,4,"Bayern","married",11.5,"none",1997
"504","Gymnasium",1988,"female",2,1,65334.1260585403,4,"Bayern","married",12,"none",2002
"505","Hauptschule",1986,"female",3,3,118583.031607597,5,"Bayern","married",10.5,"parttime",2000
"506","Realschule",1981,"male",3,2,65328.580928328,5,"Bayern","married",9,"parttime",1995
"507","Hauptschule",1983,"male",1,1,16416.0003970253,2,"Bayern","divorced",10.5,"none",1997
"508","Gymnasium",1982,"female",2,1,108004.961159294,4,"Baden Wuerttemberg","married",14.5,"parttime",1996
"509","Gymnasium",1984,"female",2,2,95700.9639686065,4,"Baden Wuerttemberg","married",14.5,"parttime",1998
"510","Gymnasium",1981,"male",2,2,92769.02848414,4,"Bayern","married",10,"parttime",1995
"511","Hauptschule",1982,"male",3,3,61187.6043934682,5,"Bayern","married",10.5,"parttime",1996
"512","Hauptschule",1982,"female",1,1,80655.3368401426,4,"Bayern","married",11.5,"parttime",1996
"513","Realschule",1982,"male",1,1,27231.0044628552,3,"Bayern","married",10.5,"parttime",1996
"514","Hauptschule",1987,"male",4,1,86626.8193149421,6,"Bayern","married",10,"none",2001
"515","Realschule",1987,"female",2,2,72075.1684035918,4,"Bayern","married",10.5,"parttime",2001
"516","Hauptschule",1984,"female",2,1,44717.6769877078,4,"Bayern","married",10.5,"parttime",1998
"517","Realschule",1983,"female",3,3,91437.45043055,5,"Bayern","married",14,"fulltime",1997
"518","Hauptschule",1980,"female",4,2,64296.9889940499,6,"Bayern","married",9,"parttime",1994
"519","Hauptschule",1988,"male",4,4,99386.926119182,5,"Bayern","married",9,"fulltime",2002
"520","Realschule",1984,"male",4,3,82333.7805264709,6,"Bayern","married",9,"fulltime",1998
"521","Gymnasium",1981,"male",3,2,87004.6073577997,5,"Bayern","married",12,"parttime",1995
"522","Gymnasium",1986,"male",3,2,26970.6660474925,6,"Bayern","married",10.5,"none",2000
"523","Hauptschule",1983,"male",2,2,118277.067304075,4,"Bayern","married",11.5,"parttime",1997
"524","Hauptschule",1987,"female",2,1,71092.3354125349,4,"Bayern","married",10.5,"none",2001
"525","Hauptschule",1982,"female",2,2,30041.4749926817,3,"Bayern","married",10.5,"fulltime",1996
"526","Hauptschule",1986,"male",5,1,104967.307992858,7,"Bayern","married",9,"none",2000
"527","Gymnasium",1987,"female",5,2,106424.441635472,7,"Bayern","married",9,"none",2001
"528","Hauptschule",1980,"male",2,1,41580.4950364633,4,"Bayern","married",10.5,"parttime",1994
"529","Realschule",1983,"female",2,2,45041.1606253304,4,"Bayern","married",10.5,"parttime",1997
"530","Hauptschule",1984,"female",1,1,54017.9586785348,3,"Bayern","married",11.5,"fulltime",1998
"531","Gymnasium",1982,"female",2,1,69806.968070212,4,"Bayern","married",11.5,"parttime",1996
"532","Hauptschule",1984,"female",2,2,105918.986432017,4,"Bayern","married",11.5,"none",1998
"533","Gymnasium",1981,"female",1,1,64718.5800602652,3,"Bayern","married",13,"none",1995
"534","Hauptschule",1983,"female",3,3,78973.3678798061,5,"Bayern","married",10.5,"parttime",1997
"535","Hauptschule",1981,"male",3,2,39508.8891645843,5,"Bayern","married",10.5,"none",1995
"536","Hauptschule",1983,"female",3,3,89592.0450805945,5,"Bayern","married",10.5,"parttime",1997
"537","Hauptschule",1980,"male",3,2,62124.6800308041,5,"Bayern","married",10.5,"none",1994
"538","Realschule",1983,"female",2,1,50423.4100172142,4,"Bayern","married",10.5,"none",1997
"539","Realschule",1983,"male",1,1,63762.9895408248,3,"Bayern","married",10,"parttime",1997
"540","Realschule",1980,"male",3,3,19341.4474326407,3,"Bayern","married",9,"none",1994
"541","Gymnasium",1986,"male",3,3,15188.5167563646,5,"Bayern","married",10,"none",2000
"542","Hauptschule",1980,"female",2,2,71197.7730670807,4,"Bayern","married",15,"none",1994
"543","Hauptschule",1983,"female",2,1,44047.1973883552,4,"Bayern","married",9,"none",1997
"544","Realschule",1981,"female",1,1,34390.992560568,2,"Bayern","divorced",9,"fulltime",1995
"545","Hauptschule",1981,"female",2,2,7468.37852315979,4,"Bayern","married",10.5,"none",1995
"546","Hauptschule",1982,"female",2,1,44644.3006702337,4,"Bayern","married",11,"none",1996
"547","Hauptschule",1985,"female",2,1,84709.4933092451,4,"Bayern","married",10.5,"none",1999
"548","Realschule",1987,"male",2,1,75392.5680097812,4,"Bayern","married",11.5,"parttime",2001
"549","Gymnasium",1981,"female",2,2,65436.0158446073,4,"Bayern","married",12,"fulltime",1995
"550","Hauptschule",1981,"female",1,1,53878.0179913649,3,"Bayern","married",9,"parttime",1995
"551","Hauptschule",1987,"male",1,1,65779.5158022438,3,"Bayern","married",10.5,"none",2001
"552","Hauptschule",1980,"female",2,2,76216.7720051599,4,"Bayern","married",10,"parttime",1994
"553","Hauptschule",1984,"female",2,2,36127.3449709457,3,"Bayern","divorced",10,"fulltime",1998
"554","Gymnasium",1987,"female",2,1,65869.9750949069,4,"Bayern","married",11,"fulltime",2001
"555","Realschule",1987,"male",2,1,89679.3234718751,4,"Bayern","married",12,"fulltime",2001
"556","Gymnasium",1983,"female",3,3,80319.9772049857,4,"Bayern","married",11.5,"none",1997
"557","Hauptschule",1986,"male",3,2,40157.8246597472,5,"Bayern","married",10.5,"none",2000
"558","Hauptschule",1984,"male",3,1,38166.9976836989,5,"Bayern","married",10.5,"none",1998
"559","Hauptschule",1987,"male",2,2,52459.8594172264,4,"Bayern","married",9,"parttime",2001
"560","Realschule",1985,"female",2,1,47831.9809746764,4,"Bayern","married",9,"none",1999
"561","Hauptschule",1981,"female",1,1,26646.9931236795,2,"Bayern","single",10.5,"fulltime",1995
"562","Realschule",1980,"male",2,1,41348.4143391628,4,"Bayern","married",11.5,"parttime",1994
"563","Realschule",1982,"female",2,2,58597.9264334162,4,"Bayern","married",11.5,"none",1996
"564","Hauptschule",1981,"female",2,1,43217.0034840189,4,"Bayern","married",11,"parttime",1995
"565","Hauptschule",1985,"male",2,2,45938.980081728,4,"Bayern","married",11,"parttime",1999
"566","Gymnasium",1982,"female",2,2,96480.1670030601,5,"Bayern","married",13,"parttime",1996
"567","Realschule",1981,"male",1,1,35264.1470571998,2,"Bayern","divorced",11,"fulltime",1995
"568","Gymnasium",1983,"female",2,1,34987.617116565,3,"Bayern","separated",10.5,"parttime",1997
"569","Hauptschule",1985,"female",2,2,39773.7493650758,3,"Bayern","separated",10.5,"parttime",1999
"570","Gymnasium",1984,"female",2,2,62145.2420418389,4,"Bayern","married",10.5,"none",1998
"571","Realschule",1981,"male",2,1,57578.2028906716,4,"Bayern","married",10.5,"parttime",1995
"572","Hauptschule",1985,"male",3,2,67978.8680116026,5,"Bayern","married",10.5,"parttime",1999
"573","Hauptschule",1988,"male",3,3,83552.6228378229,5,"Bayern","married",11,"parttime",2002
"574","Gymnasium",1983,"female",4,1,58515.7238725433,6,"Bayern","married",14,"none",1997
"575","Gymnasium",1988,"female",4,2,83311.6938066015,6,"Bayern","married",12,"parttime",2002
"576","Gymnasium",1985,"female",3,2,120394.513691133,4,"Bayern","widowed",18,"parttime",1999
"577","Gymnasium",1981,"male",3,1,120300.515154735,4,"Bayern","widowed",18,"parttime",1995
"578","Gymnasium",1987,"female",3,3,126080.951390291,4,"Bayern","widowed",18,"parttime",2001
"579","Hauptschule",1980,"female",6,5,118268.494981837,8,"Bayern","married",10.5,"parttime",1994
"580","Gymnasium",1981,"male",1,1,60065.3330664102,3,"Bayern","married",10.5,"parttime",1995
"581","Hauptschule",1984,"female",3,3,79657.0057088515,4,"Bayern","married",10.5,"parttime",1998
"582","Gymnasium",1980,"male",3,3,102540.827904864,5,"Bayern","married",14.5,"fulltime",1994
"583","Hauptschule",1983,"female",1,1,15295.0046836382,2,"Bayern","divorced",10.5,"parttime",1997
"584","Realschule",1988,"male",1,1,66994.1749993032,4,"Bayern","married",10.5,"none",2002
"585","Gymnasium",1988,"male",3,3,125059.343971254,5,"Bayern","married",12,"parttime",2002
"586","Gymnasium",1986,"male",3,2,125798.703398252,5,"Bayern","married",12,"parttime",2000
"587","Gymnasium",1983,"male",3,1,76588.0812854208,5,"Bayern","married",12,"parttime",1997
"588","Gymnasium",1980,"female",2,2,52398.5089746567,4,"Bayern","married",10.5,"parttime",1994
"589","Hauptschule",1986,"female",2,2,112667.193899635,4,"Bayern","married",12,"none",2000
"590","Gymnasium",1982,"male",2,1,91566.5125187196,4,"Bayern","married",12,"none",1996
"591","Gymnasium",1988,"female",1,1,114299.323111858,3,"Bayern","married",9,"none",2002
"592","Hauptschule",1983,"female",2,2,65576.7646701298,4,"Bayern","married",10.5,"parttime",1997
"593","Hauptschule",1981,"female",2,1,64640.6740628912,4,"Bayern","married",10.5,"parttime",1995
"594","Realschule",1986,"female",1,1,45091.4455537898,3,"Baden Wuerttemberg","married",11.5,"fulltime",2000
"595","Hauptschule",1988,"male",2,2,99189.0274425268,4,"Bayern","married",10.5,"parttime",2002
"596","Hauptschule",1983,"male",2,2,62953.0915352069,4,"Bayern","married",9,"parttime",1997
"597","Hauptschule",1988,"female",2,1,77251.8074611038,4,"Bayern","married",10,"parttime",2002
"598","Hauptschule",1981,"female",3,1,42751.4102905639,5,"Bayern","married",10.5,"fulltime",1995
"599","Hauptschule",1984,"female",3,3,66451.1451777412,5,"Bayern","married",10.5,"fulltime",1998
"600","Hauptschule",1981,"female",3,2,42751.4102905639,5,"Bayern","married",10.5,"fulltime",1995
"601","Realschule",1982,"female",3,1,10473.5668236693,4,"Bayern","separated",11,"none",1996
"602","Gymnasium",1981,"female",3,3,71725.3963155193,5,"Bayern","married",10.5,"fulltime",1995
"603","Gymnasium",1983,"female",3,3,107007.493562595,5,"Bayern","married",18,"fulltime",1997
"604","Realschule",1981,"male",3,2,96295.6782281589,5,"Bayern","married",18,"parttime",1995
"605","Hauptschule",1988,"male",3,3,124671.497645763,5,"Bayern","married",11.5,"parttime",2002
"606","Hauptschule",1981,"male",3,2,80648.3375218491,5,"Bayern","married",11.5,"parttime",1995
"607","Realschule",1984,"female",2,2,60441.9976957193,4,"Bayern","married",10.5,"none",1998
"608","Hauptschule",1981,"male",2,1,55040.8857795915,4,"Bayern","married",10.5,"none",1995
"609","Realschule",1987,"male",2,1,74537.6722356006,4,"Bayern","married",10.5,"parttime",2001
"610","Hauptschule",1983,"male",1,1,32109.8104967287,2,"Bayern","separated",10.5,"fulltime",1997
"611","Realschule",1981,"male",1,1,69938.3070748296,3,"Bayern","married",10.5,"parttime",1995
"612","Realschule",1987,"male",2,1,60687.2417447457,4,"Bayern","married",11.5,"none",2001
"613","Hauptschule",1981,"male",1,1,48519.9836311895,2,"Bayern","divorced",10,"parttime",1995
"614","Hauptschule",1980,"male",2,2,57407.0261615125,4,"Bayern","married",10.5,"parttime",1994
"615","Realschule",1988,"female",1,1,25675.7486397716,2,"Bayern","divorced",12,"parttime",2002
"616","Hauptschule",1988,"female",2,2,36631.721556593,4,"Bayern","divorced",9,"parttime",2002
"617","Hauptschule",1986,"male",2,1,35936.0150883299,3,"Bayern","married",9,"fulltime",2000
"618","Realschule",1988,"female",1,1,132063.422479708,3,"Bayern","married",10.5,"parttime",2002
"619","Gymnasium",1982,"male",2,2,119554.014443359,4,"Bayern","married",11.5,"parttime",1996
"620","Hauptschule",1983,"female",5,3,38434.4429950819,7,"Bayern","married",9,"none",1997
"621","Hauptschule",1982,"female",5,2,7470.85040521261,7,"Bayern","married",9,"none",1996
"622","Hauptschule",1984,"male",2,2,49940.1053701814,3,"Bayern","divorced",10.5,"fulltime",1998
"623","Realschule",1987,"male",1,1,87393.2937477725,3,"Bayern","married",10.5,"none",2001
"624","Hauptschule",1981,"male",3,1,68452.9926328191,3,"Bayern","married",12,"fulltime",1995
"625","Gymnasium",1987,"female",1,1,47372.1596351619,3,"Bayern","single",10.5,"fulltime",2001
"626","Realschule",1986,"male",2,1,33853.9997151662,3,"Hessen","divorced",11,"none",2000
"627","Gymnasium",1987,"female",2,1,73535.0038864082,5,"Rheinland-Pfalz/Saarland","married",11.5,"none",2001
"628","Gymnasium",1987,"female",2,1,66866.4517666176,4,"Baden Wuerttemberg","married",12,"parttime",2001
"629","Hauptschule",1984,"male",5,1,18877.2839183136,4,"Bayern","divorced",9,"none",1998
"630","Hauptschule",1987,"female",5,3,40858.0005514537,4,"Bayern","divorced",9,"none",2001
"631","Gymnasium",1987,"male",2,2,84240.0630859327,4,"Berlin","divorced",18,"fulltime",2001
"632","Realschule",1981,"female",2,1,60079.9992445979,4,"Baden Wuerttemberg","married",9,"none",1995
"633","Hauptschule",1986,"male",2,2,74739.3273767894,3,"Baden Wuerttemberg","married",9,"parttime",2000
"634","Hauptschule",1985,"female",3,1,37828.7220801254,5,"Bayern","married",10.5,"none",1999
"635","Hauptschule",1986,"male",3,2,41403.7757556849,5,"Bayern","married",10.5,"none",2000
"636","Hauptschule",1985,"female",2,1,55589.7212444943,4,"Niedersachsen","married",18,"none",1999
"637","Realschule",1986,"male",1,1,44699.8118413946,3,"Nordrhein-Westfalen","divorced",11.5,"fulltime",2000
"638","Realschule",1985,"male",1,1,42141.949239535,3,"Hessen","married",10.5,"none",1999
"639","Realschule",1987,"female",2,1,96110.9922784622,4,"Baden Wuerttemberg","married",12,"none",2001
"640","Gymnasium",1988,"male",2,1,61054.8204396833,4,"Nordrhein-Westfalen","married",11.5,"parttime",2002
"641","Hauptschule",1986,"male",2,1,57902.6483219452,4,"Hessen","married",9,"parttime",2000
"642","Hauptschule",1987,"male",3,1,74104.4665452165,5,"Bayern","married",12,"none",2001
"643","Realschule",1987,"male",1,1,32019.8459517152,2,"Baden Wuerttemberg","divorced",10.5,"none",2001
"644","Realschule",1988,"female",3,2,56741.5148410229,5,"Baden Wuerttemberg","married",10.5,"fulltime",2002
"645","Hauptschule",1986,"male",3,1,61663.9173732623,5,"Baden Wuerttemberg","married",10.5,"fulltime",2000
"646","Hauptschule",1987,"male",1,1,22539.9933718098,3,"Baden Wuerttemberg","married",11,"fulltime",2001
"647","Gymnasium",1988,"male",2,1,96065.265525783,4,"Nordrhein-Westfalen","married",10.5,"none",2002
"648","Gymnasium",1986,"male",2,1,62437.3984055941,4,"Nordrhein-Westfalen","married",10.5,"none",2000
"649","Gymnasium",1985,"female",2,2,87997.9584212425,6,"Nordrhein-Westfalen","married",18,"parttime",1999
"650","Gymnasium",1983,"female",2,1,75947.0040881069,6,"Nordrhein-Westfalen","married",18,"parttime",1997
"651","Gymnasium",1987,"female",2,1,123638.551833511,4,"Nordrhein-Westfalen","married",18,"parttime",2001
"652","Gymnasium",1986,"male",1,1,75002.2305186003,3,"Nordrhein-Westfalen","married",9,"none",2000
"653","Hauptschule",1982,"female",1,1,34296.1084486623,3,"Niedersachsen","married",10.5,"none",1996
"654","Realschule",1988,"female",2,1,60998.5996242903,4,"Nordrhein-Westfalen","divorced",11.5,"parttime",2002
"655","Hauptschule",1988,"male",1,1,42139.9398027124,3,"Baden Wuerttemberg","married",10.5,"parttime",2002
"656","Hauptschule",1981,"female",5,3,61596.9722307763,7,"Hessen","single",9,"none",1995
"657","Hauptschule",1988,"male",5,4,78977.7362632318,8,"Hessen","separated",9,"none",2002
"658","Hauptschule",1980,"male",5,2,50663.890244505,7,"Hessen","single",9,"none",1994
"659","Hauptschule",1982,"female",1,1,33023.6335444472,2,"Bayern","divorced",11.5,"fulltime",1996
"660","Realschule",1981,"female",2,2,84045.5496964775,4,"Hessen","married",10.5,"parttime",1995
"661","Gymnasium",1986,"female",2,1,130481.650220561,5,"Niedersachsen","married",15,"none",2000
"662","Realschule",1982,"female",2,2,48891.5774443994,3,"Nordrhein-Westfalen","married",10.5,"parttime",1996
"663","Hauptschule",1981,"female",3,1,32495.9955411032,5,"Niedersachsen","separated",9,"none",1995
"664","Realschule",1987,"male",2,1,72664.642073797,4,"Hessen","divorced",10.5,"none",2001
"665","Realschule",1988,"female",3,1,28778.0801468803,4,"Hessen","divorced",9,"none",2002
"666","Gymnasium",1988,"male",1,1,89971.6954058627,3,"Nordrhein-Westfalen","married",11.5,"parttime",2002
"667","Hauptschule",1980,"male",1,1,64058.3525480271,3,"Baden Wuerttemberg","divorced",7,"fulltime",1994
"668","Hauptschule",1983,"female",4,2,83406.6137922603,7,"Rheinland-Pfalz/Saarland","married",11.5,"none",1997
"669","Gymnasium",1984,"female",4,1,66491.0185958369,7,"Rheinland-Pfalz/Saarland","married",11.5,"none",1998
"670","Realschule",1987,"male",3,1,70079.6501509452,5,"Berlin","married",11.5,"none",2001
"671","Realschule",1986,"female",3,1,163592.930459714,5,"Schleswig-Holstein","married",12,"parttime",2000
"672","Hauptschule",1987,"female",2,2,13790.6867712378,2,"Rheinland-Pfalz/Saarland","divorced",15,"parttime",2001
"673","Hauptschule",1984,"male",5,1,63503.0146779123,6,"Niedersachsen","married",12,"none",1998
"674","Gymnasium",1987,"male",1,1,47978.2670692671,3,"Niedersachsen","married",11.5,"none",2001
"675","Realschule",1987,"female",2,1,31854.248668173,3,"Baden Wuerttemberg","divorced",11.5,"parttime",2001
